
INSERT INTO logement (adresse_logement, surface, ville) VALUES ('17 Avenue des Gobelins', 57, 'Paris');
INSERT INTO logement (adresse_logement, surface, ville) VALUES ('5 Avenue des Trolls', 72, 'Paris');
INSERT INTO logement (adresse_logement, surface, ville) VALUES ('68 Avenue des Orcs', 14, 'Paris');
INSERT INTO logement (adresse_logement, surface, ville) VALUES ('68 Avenue des Orcs', 17, 'Paris');
INSERT INTO logement (adresse_logement, surface, ville) VALUES ('68 Avenue des Orcs', 30, 'Paris');
INSERT INTO logement (adresse_logement, surface, ville) VALUES ('68 Avenue des Orcs', 15, 'Paris');
INSERT INTO logement (adresse_logement, surface, ville) VALUES ('68 Avenue des Orcs', 58, 'Paris');

INSERT INTO logement (adresse_logement, surface, ville) VALUES ('5 calle de las ninas', 19, 'Barcelone');
INSERT INTO logement (adresse_logement, surface, ville) VALUES ('9 calle de los ninos', 22, 'Madrid');
INSERT INTO logement (adresse_logement, surface, ville) VALUES ('19 calle de que tal', 20, 'Alicante');
INSERT INTO logement (adresse_logement, surface, ville) VALUES ('19 calle de que tal', 15, 'Alicante');

INSERT INTO logement (adresse_logement, surface, ville) VALUES ('7 jie xie xie', 54, 'Pekin');
INSERT INTO logement (adresse_logement, surface, ville) VALUES ('56 jie ni hao, lao pengyou', 19, 'Pekin');
INSERT INTO logement (adresse_logement, surface, ville) VALUES ('9 jie zaijian', 27, 'Pekin');

INSERT INTO logement (adresse_logement, surface, ville) VALUES ('34 rue Dobraye ootro', 54, 'Moscou');
INSERT INTO logement (adresse_logement, surface, ville) VALUES ('9 rue Nyezashta', 27, 'Saint-Petersbourg');
INSERT INTO logement (adresse_logement, surface, ville) VALUES ('56 rue Bal''shoye spaseeba', 19, 'Moscou');
INSERT INTO logement (adresse_logement, surface, ville) VALUES ('34 rue Prasteete', 20, 'Moscou');
INSERT INTO logement (adresse_logement, surface, ville) VALUES ('34 rue Prasteete', 30, 'Moscou');
INSERT INTO logement (adresse_logement, surface, ville) VALUES ('34 rue Prasteete', 40, 'Moscou');

INSERT INTO logement (adresse_logement, surface, ville) VALUES ('Oak Apple Court, Lee SE12', 14, 'Londres');
INSERT INTO logement (adresse_logement, surface, ville) VALUES ('Oak Hall Road, Leytonstone E11', 25, 'Londres');
INSERT INTO logement (adresse_logement, surface, ville) VALUES ('Old Gravel Lane, ST GEORGE IN THE EAST: ST PAUL', 36, 'Londres');

INSERT INTO logement (adresse_logement, surface, ville) VALUES ('Rua do Russel, 804, Gloria', 20, 'Rio de Janeiro');
INSERT INTO logement (adresse_logement, surface, ville) VALUES ('Rua do Shalabala, 102 ', 40, 'Rio de Janeiro');
INSERT INTO logement (adresse_logement, surface, ville) VALUES ('Rua do Balibalou 835', 60, 'Rio de Janeiro');
INSERT INTO logement (adresse_logement, surface, ville) VALUES ('Rua do Muljomdao 457', 30, 'Rio de Janeiro');
INSERT INTO logement (adresse_logement, surface, ville) VALUES ('Rua do Muljomdao 457', 22, 'Rio de Janeiro');
INSERT INTO logement (adresse_logement, surface, ville) VALUES ('Rua do Muljomdao 457', 25, 'Rio de Janeiro');

INSERT INTO logement (adresse_logement, surface, ville) VALUES ('Mohrenstrasse 30, 10117', 51, 'Berlin');
INSERT INTO logement (adresse_logement, surface, ville) VALUES ('Karl-Liebknecht-Strasse 3, 10178', 26, 'Berlin');
INSERT INTO logement (adresse_logement, surface, ville) VALUES ('An Der Spandauer Bruecke 11, 10178', 19, 'Berlin');
INSERT INTO logement (adresse_logement, surface, ville) VALUES ('Van der Decken 11, 23187', 20, 'Berlin');
INSERT INTO logement (adresse_logement, surface, ville) VALUES ('Van der Decken 11, 23187', 22, 'Berlin');
INSERT INTO logement (adresse_logement, surface, ville) VALUES ('Van der Decken 11, 23187', 17, 'Berlin');

INSERT INTO appartement VALUES (1,2);
INSERT INTO appartement VALUES (2,3);
INSERT INTO chambre VALUES (3,1);
INSERT INTO chambre VALUES (4,2);
INSERT INTO chambre VALUES (5,3);
INSERT INTO chambre VALUES (6,4);
INSERT INTO appartement VALUES (7,2);

INSERT INTO appartement VALUES (8,1);
INSERT INTO appartement VALUES (9,1);
INSERT INTO chambre VALUES (10,1);
INSERT INTO chambre VALUES (11,2);

INSERT INTO appartement VALUES (12,2);
INSERT INTO appartement VALUES (13,2);
INSERT INTO appartement VALUES (14,1);

INSERT INTO appartement VALUES (15,2);
INSERT INTO appartement VALUES (16,1);
INSERT INTO appartement VALUES (17,1);
INSERT INTO chambre VALUES (18,1);
INSERT INTO chambre VALUES (19,2);
INSERT INTO chambre VALUES (20,3);

INSERT INTO chambre VALUES (21,1);
INSERT INTO chambre VALUES (22,1);
INSERT INTO appartement VALUES (23,2);

INSERT INTO appartement VALUES (24,1);
INSERT INTO appartement VALUES (25,2);
INSERT INTO appartement VALUES (26,3);
INSERT INTO chambre VALUES (27,1);
INSERT INTO chambre VALUES (28,2);
INSERT INTO chambre VALUES (29,3);

INSERT INTO appartement VALUES (30,2);
INSERT INTO appartement VALUES (31,1);
INSERT INTO appartement VALUES (32,1);
INSERT INTO chambre VALUES (33,1);
INSERT INTO chambre VALUES (34,2);
INSERT INTO chambre VALUES (35,3);

INSERT INTO prestation (description_prestation, prix_prestation) VALUES ('petit-dejeuner', 8);
INSERT INTO prestation (description_prestation, prix_prestation) VALUES ('petit-dejeuner', 11);
INSERT INTO prestation (description_prestation, prix_prestation) VALUES ('petit-dejeuner', 14);
INSERT INTO prestation (description_prestation, prix_prestation) VALUES ('dejeuner', 13);
INSERT INTO prestation (description_prestation, prix_prestation) VALUES ('diner', 17);
INSERT INTO prestation (description_prestation, prix_prestation) VALUES ('diner', 29);
INSERT INTO prestation (description_prestation, prix_prestation) VALUES ('diner', 19);
INSERT INTO prestation (description_prestation, prix_prestation) VALUES ('diner', 22);
INSERT INTO prestation (description_prestation, prix_prestation) VALUES ('gouter', 4);
INSERT INTO prestation (description_prestation, prix_prestation) VALUES ('vin rouge', 7);
INSERT INTO prestation (description_prestation, prix_prestation) VALUES ('vin blanc', 8);
INSERT INTO prestation (description_prestation, prix_prestation) VALUES ('vodka', 15);

INSERT INTO suggestion (type_suggestion, nom_suggestion) VALUES ('touristique','Tour Eiffel');
INSERT INTO suggestion (type_suggestion, nom_suggestion) VALUES ('touristique','Arc de Triomphe');
INSERT INTO suggestion (type_suggestion, nom_suggestion) VALUES ('touristique','La magie de La Gomera, parc national');
INSERT INTO suggestion (type_suggestion, nom_suggestion) VALUES ('touristique','Dame d''Elche, musee archeologique nationale');
INSERT INTO suggestion (type_suggestion, nom_suggestion) VALUES ('touristique','Palais imperial');
INSERT INTO suggestion (type_suggestion, nom_suggestion) VALUES ('touristique','La grande muraille');
INSERT INTO suggestion (type_suggestion, nom_suggestion) VALUES ('touristique','Le tour de Kremlin : Vodozvodnaia');
INSERT INTO suggestion (type_suggestion, nom_suggestion) VALUES ('touristique','Le palais de Terem');
INSERT INTO suggestion (type_suggestion, nom_suggestion) VALUES ('touristique','London Eye, phare');
INSERT INTO suggestion (type_suggestion, nom_suggestion) VALUES ('touristique','SEA LIFE London Aquarium');

INSERT INTO suggestion (type_suggestion, nom_suggestion) VALUES ('gastronomique','P');
INSERT INTO suggestion (type_suggestion, nom_suggestion) VALUES ('gastronomique','I');
INSERT INTO suggestion (type_suggestion, nom_suggestion) VALUES ('gastronomique','Z');
INSERT INTO suggestion (type_suggestion, nom_suggestion) VALUES ('gastronomique','Z');
INSERT INTO suggestion (type_suggestion, nom_suggestion) VALUES ('gastronomique','A');
INSERT INTO suggestion (type_suggestion, nom_suggestion) VALUES ('gastronomique','R');
INSERT INTO suggestion (type_suggestion, nom_suggestion) VALUES ('gastronomique','I');
INSERT INTO suggestion (type_suggestion, nom_suggestion) VALUES ('gastronomique','A');
INSERT INTO suggestion (type_suggestion, nom_suggestion) VALUES ('gastronomique','O');
INSERT INTO suggestion (type_suggestion, nom_suggestion) VALUES ('gastronomique','P');

INSERT INTO disponibilite (date_debut_dispo, date_fin_dispo, sejour_min) VALUES('2015-04-01','2015-04-30',3);
INSERT INTO disponibilite (date_debut_dispo, date_fin_dispo, sejour_min) VALUES('2015-04-03','2015-04-17',4);
INSERT INTO disponibilite (date_debut_dispo, date_fin_dispo, sejour_min) VALUES('2015-04-05','2015-04-19',5);
INSERT INTO disponibilite (date_debut_dispo, date_fin_dispo, sejour_min) VALUES('2015-03-25','2015-04-17',2);
INSERT INTO disponibilite (date_debut_dispo, date_fin_dispo, sejour_min) VALUES('2014-01-01','2014-01-14',7);
INSERT INTO disponibilite (date_debut_dispo, date_fin_dispo, sejour_min) VALUES(CURRENT_DATE+1,'2014-05-31',3);
INSERT INTO disponibilite (date_debut_dispo, date_fin_dispo, sejour_min) VALUES('2014-07-15','2014-08-15',14);

INSERT INTO disponibilite (date_debut_dispo, date_fin_dispo, sejour_min) VALUES('2014-06-18','2014-07-15',7);
INSERT INTO disponibilite (date_debut_dispo, date_fin_dispo, sejour_min) VALUES('2014-07-05','2014-08-05',7);
INSERT INTO disponibilite (date_debut_dispo, date_fin_dispo, sejour_min) VALUES('2014-11-05','2014-12-05',3);
INSERT INTO disponibilite (date_debut_dispo, date_fin_dispo, sejour_min) VALUES(CURRENT_DATE-30,CURRENT_DATE,3);

INSERT INTO disponibilite (date_debut_dispo, date_fin_dispo, sejour_min) VALUES('2014-04-23','2014-05-19',2);
INSERT INTO disponibilite (date_debut_dispo, date_fin_dispo, sejour_min) VALUES('2014-04-01','2014-04-30',1);
INSERT INTO disponibilite (date_debut_dispo, date_fin_dispo, sejour_min) VALUES('2015-03-17','2015-04-17',3);

INSERT INTO disponibilite (date_debut_dispo, date_fin_dispo, sejour_min) VALUES('2014-03-05','2014-04-01',5);
INSERT INTO disponibilite (date_debut_dispo, date_fin_dispo, sejour_min) VALUES('2014-12-05','2015-01-03',10);
INSERT INTO disponibilite (date_debut_dispo, date_fin_dispo, sejour_min) VALUES('2014-06-30','2014-07-19',2);
INSERT INTO disponibilite (date_debut_dispo, date_fin_dispo, sejour_min) VALUES('2014-07-07','2014-08-05',5);
INSERT INTO disponibilite (date_debut_dispo, date_fin_dispo, sejour_min) VALUES('2014-07-01','2014-07-17',1);
INSERT INTO disponibilite (date_debut_dispo, date_fin_dispo, sejour_min) VALUES('2014-06-28','2014-07-21',4);

INSERT INTO disponibilite (date_debut_dispo, date_fin_dispo, sejour_min) VALUES('2014-04-05','2014-04-19',3);
INSERT INTO disponibilite (date_debut_dispo, date_fin_dispo, sejour_min) VALUES('2015-01-15','2015-02-12',7);
INSERT INTO disponibilite (date_debut_dispo, date_fin_dispo, sejour_min) VALUES('2014-03-04','2014-03-19',2);

INSERT INTO disponibilite (date_debut_dispo, date_fin_dispo, sejour_min) VALUES('2014-01-03','2014-01-19',1);
INSERT INTO disponibilite (date_debut_dispo, date_fin_dispo, sejour_min) VALUES('2014-02-06','2014-02-18',2);
INSERT INTO disponibilite (date_debut_dispo, date_fin_dispo, sejour_min) VALUES('2014-03-09','2014-03-17',2);
INSERT INTO disponibilite (date_debut_dispo, date_fin_dispo, sejour_min) VALUES('2014-04-12','2014-05-05',5);
INSERT INTO disponibilite (date_debut_dispo, date_fin_dispo, sejour_min) VALUES('2015-05-15','2015-06-12',5);
INSERT INTO disponibilite (date_debut_dispo, date_fin_dispo, sejour_min) VALUES('2015-06-18','2015-07-01',3);

INSERT INTO disponibilite (date_debut_dispo, date_fin_dispo, sejour_min) VALUES('2014-12-15','2015-01-12',5);
INSERT INTO disponibilite (date_debut_dispo, date_fin_dispo, sejour_min) VALUES('2015-11-05','2015-11-29',2);
INSERT INTO disponibilite (date_debut_dispo, date_fin_dispo, sejour_min) VALUES('2014-10-05','2014-10-21',2);
INSERT INTO disponibilite (date_debut_dispo, date_fin_dispo, sejour_min) VALUES('2014-09-05','2014-09-19',2);
INSERT INTO disponibilite (date_debut_dispo, date_fin_dispo, sejour_min) VALUES('2015-08-05','2015-08-31',3);
INSERT INTO disponibilite (date_debut_dispo, date_fin_dispo, sejour_min) VALUES('2014-07-05','2014-07-31',4);

INSERT INTO service_transport (nom_service_transport, nb_vehicule, prix_transport, ville_service_transport) VALUES ('Taxi',100,1,'Paris');
INSERT INTO service_transport (nom_service_transport, nb_vehicule, prix_transport, ville_service_transport) VALUES ('Sprinta',17,35,'Barcelone');
INSERT INTO service_transport (nom_service_transport, nb_vehicule, prix_transport, ville_service_transport) VALUES ('Sprinto',3,25,'Madrid');
INSERT INTO service_transport (nom_service_transport, nb_vehicule, prix_transport, ville_service_transport) VALUES ('Snail',4,10,'Pekin');
INSERT INTO service_transport (nom_service_transport, nb_vehicule, prix_transport, ville_service_transport) VALUES ('Aglagla',5,39,'Moscou');
INSERT INTO service_transport (nom_service_transport, nb_vehicule, prix_transport, ville_service_transport) VALUES ('Cheapest',6,45,'Londres');
INSERT INTO service_transport (nom_service_transport, nb_vehicule, prix_transport, ville_service_transport) VALUES ('RicoTaco',7,20,'Rio de Janeiro');
INSERT INTO service_transport (nom_service_transport, nb_vehicule, prix_transport, ville_service_transport) VALUES ('Quelele',8,30,'Berlin');

INSERT INTO proprietaire (nom_proprietaire, prenom_proprietaire, pseudo, mot_de_passe) VALUES ('Bettencourt','Julie','BJwellplayed','bienjoue');
INSERT INTO proprietaire (nom_proprietaire, prenom_proprietaire, pseudo, mot_de_passe) VALUES ('Bernard de','Loic','BLblacklist','boboy');
INSERT INTO proprietaire (nom_proprietaire, prenom_proprietaire, pseudo, mot_de_passe) VALUES ('Bonjour','Jules','Mon','mdp');
INSERT INTO proprietaire (nom_proprietaire, prenom_proprietaire, pseudo, mot_de_passe) VALUES ('Adieu','Caroline','Est','tellement');
INSERT INTO proprietaire (nom_proprietaire, prenom_proprietaire, pseudo, mot_de_passe) VALUES ('Rebonjour','Papito','Evident','que');
INSERT INTO proprietaire (nom_proprietaire, prenom_proprietaire, pseudo, mot_de_passe) VALUES ('Enchante','Nicolas','Tout','lemonde');
INSERT INTO proprietaire (nom_proprietaire, prenom_proprietaire, pseudo, mot_de_passe) VALUES ('Wesh','Yondaime','Peut','deviner');

INSERT INTO prix_logement VALUES (1,1,150,40);
INSERT INTO prix_logement VALUES (2,2,210);
INSERT INTO prix_logement VALUES (3,3,70);
INSERT INTO prix_logement VALUES (4,4,80);
INSERT INTO prix_logement VALUES (5,5,90);
INSERT INTO prix_logement VALUES (6,6,70);
INSERT INTO prix_logement VALUES (7,7,110,30);

INSERT INTO prix_logement VALUES (8,8,130,30);
INSERT INTO prix_logement VALUES (9,9,150,20);
INSERT INTO prix_logement VALUES (10,10,90);
INSERT INTO prix_logement VALUES (11,11,80);

INSERT INTO prix_logement VALUES (12,12,100,40);
INSERT INTO prix_logement VALUES (13,13,40);
INSERT INTO prix_logement VALUES (14,14,50);

INSERT INTO prix_logement VALUES (15,15,180);
INSERT INTO prix_logement VALUES (16,16,90);
INSERT INTO prix_logement VALUES (17,17,80);
INSERT INTO prix_logement VALUES (18,18,50);
INSERT INTO prix_logement VALUES (19,19,60);
INSERT INTO prix_logement VALUES (20,20,70);

INSERT INTO prix_logement VALUES (21,21,50);
INSERT INTO prix_logement VALUES (22,22,80,30);
INSERT INTO prix_logement VALUES (23,23,120);

INSERT INTO prix_logement VALUES (24,24,70);
INSERT INTO prix_logement VALUES (25,25,90);
INSERT INTO prix_logement VALUES (26,26,120);
INSERT INTO prix_logement VALUES (27,27,50);
INSERT INTO prix_logement VALUES (28,28,40,30);
INSERT INTO prix_logement VALUES (29,29,45);

INSERT INTO prix_logement VALUES (30,30,180,50);
INSERT INTO prix_logement VALUES (31,31,90);
INSERT INTO prix_logement VALUES (32,32,80);
INSERT INTO prix_logement VALUES (33,33,50);
INSERT INTO prix_logement VALUES (34,34,50);
INSERT INTO prix_logement VALUES (35,35,40);

INSERT INTO photo (id_logement, nom_photo) VALUES (1,'photo du logement 1');
INSERT INTO photo (id_logement, nom_photo) VALUES (2,'photo du logement 2');
INSERT INTO photo (id_logement, nom_photo) VALUES (3,'photo du logement 3');
INSERT INTO photo (id_logement, nom_photo) VALUES (4,'photo du logement 4');
INSERT INTO photo (id_logement, nom_photo) VALUES (5,'photo du logement 5');
INSERT INTO photo (id_logement, nom_photo) VALUES (6,'photo du logement 6');
INSERT INTO photo (id_logement, nom_photo) VALUES (7,'photo du logement 7');
INSERT INTO photo (id_logement, nom_photo) VALUES (8,'photo du logement 8');
INSERT INTO photo (id_logement, nom_photo) VALUES (9,'photo du logement 9');
INSERT INTO photo (id_logement, nom_photo) VALUES (10,'photo du logement 10');
INSERT INTO photo (id_logement, nom_photo) VALUES (11,'photo du logement 11');
INSERT INTO photo (id_logement, nom_photo) VALUES (12,'photo du logement 12');
INSERT INTO photo (id_logement, nom_photo) VALUES (13,'photo du logement 13');
INSERT INTO photo (id_logement, nom_photo) VALUES (14,'photo du logement 14');
INSERT INTO photo (id_logement, nom_photo) VALUES (15,'photo du logement 15');
INSERT INTO photo (id_logement, nom_photo) VALUES (16,'photo du logement 16');
INSERT INTO photo (id_logement, nom_photo) VALUES (17,'photo du logement 17');
INSERT INTO photo (id_logement, nom_photo) VALUES (18,'photo du logement 18');
INSERT INTO photo (id_logement, nom_photo) VALUES (19,'photo du logement 19');
INSERT INTO photo (id_logement, nom_photo) VALUES (20,'photo du logement 20');
INSERT INTO photo (id_logement, nom_photo) VALUES (21,'photo du logement 21');
INSERT INTO photo (id_logement, nom_photo) VALUES (22,'photo du logement 22');
INSERT INTO photo (id_logement, nom_photo) VALUES (23,'photo du logement 23');
INSERT INTO photo (id_logement, nom_photo) VALUES (24,'photo du logement 24');
INSERT INTO photo (id_logement, nom_photo) VALUES (25,'photo du logement 25');
INSERT INTO photo (id_logement, nom_photo) VALUES (26,'photo du logement 26');
INSERT INTO photo (id_logement, nom_photo) VALUES (27,'photo du logement 27');
INSERT INTO photo (id_logement, nom_photo) VALUES (28,'photo du logement 28');
INSERT INTO photo (id_logement, nom_photo) VALUES (29,'photo du logement 29');
INSERT INTO photo (id_logement, nom_photo) VALUES (30,'photo du logement 30');
INSERT INTO photo (id_logement, nom_photo) VALUES (31,'photo du logement 31');
INSERT INTO photo (id_logement, nom_photo) VALUES (32,'photo du logement 32');
INSERT INTO photo (id_logement, nom_photo) VALUES (33,'photo du logement 33');
INSERT INTO photo (id_logement, nom_photo) VALUES (34,'photo du logement 34');
INSERT INTO photo (id_logement, nom_photo) VALUES (35,'photo du logement 35');

INSERT INTO offre_promotionnelle (id_logement, date_debut_offre_promo, date_fin_offre_promo, prix_offre_promo) VALUES (1,'2015-04-01','2015-04-15',20);
INSERT INTO offre_promotionnelle (id_logement, date_debut_offre_promo, date_fin_offre_promo, prix_offre_promo) VALUES (7,'2014-07-15','2014-08-15',25);
INSERT INTO offre_promotionnelle (id_logement, date_debut_offre_promo, date_fin_offre_promo, prix_offre_promo) VALUES (8,'2014-06-18','2014-07-01',30);
INSERT INTO offre_promotionnelle (id_logement, date_debut_offre_promo, date_fin_offre_promo, prix_offre_promo) VALUES (15,'2014-03-18','2014-04-01',35);
INSERT INTO offre_promotionnelle (id_logement, date_debut_offre_promo, date_fin_offre_promo, prix_offre_promo) VALUES (22,'2015-01-15','2015-02-01',40);
INSERT INTO offre_promotionnelle (id_logement, date_debut_offre_promo, date_fin_offre_promo, prix_offre_promo) VALUES (34,'2015-08-05','2015-08-31',35);
INSERT INTO offre_promotionnelle (id_logement, date_debut_offre_promo, date_fin_offre_promo, prix_offre_promo) VALUES (35,'2014-07-05','2014-07-31',30);

INSERT INTO locataire (nom_locataire, prenom_locataire,adresse_locataire,num_tel,email) VALUES ('Je','Suis','1 Rue Locataire 10101 LOC','0123456789','locataire1@locataire.fr');
INSERT INTO locataire (nom_locataire, prenom_locataire,adresse_locataire,num_tel,email) VALUES ('Un','Locataire','2 Rue Locataire 10101 LOC','0123456789','locataire2@locataire.fr');
INSERT INTO locataire (nom_locataire, prenom_locataire,adresse_locataire,num_tel,email) VALUES ('Qui','Voudrait','3 Rue Locataire 10101 LOC','0123456789','locataire3@locataire.fr');
INSERT INTO locataire (nom_locataire, prenom_locataire,adresse_locataire,num_tel,email) VALUES ('Louer','Un','4 Rue Locataire 10101 LOC','0123456789','locataire4@locataire.fr');
INSERT INTO locataire (nom_locataire, prenom_locataire,adresse_locataire,num_tel,email) VALUES ('Appartement','Quelque','5 Rue Locataire 10101 LOC','0123456789','locataire5@locataire.fr');
INSERT INTO locataire (nom_locataire, prenom_locataire,adresse_locataire,num_tel,email) VALUES ('Part','Dans','6 Rue Locataire 10101 LOC','0123456789','locataire6@locataire.fr');
INSERT INTO locataire (nom_locataire, prenom_locataire,adresse_locataire,num_tel,email) VALUES ('Le','Monde','7 Rue Locataire 10101 LOC','0123456789','locataire7@locataire.fr');
INSERT INTO locataire (nom_locataire, prenom_locataire,adresse_locataire,num_tel,email) VALUES ('Peu','Importe','8 Rue Locataire 10101 LOC','0123456789','locataire8@locataire.fr');
INSERT INTO locataire (nom_locataire, prenom_locataire,adresse_locataire,num_tel,email) VALUES ('Le','Prix','9 Rue Locataire 10101 LOC','0123456789','locataire9@locataire.fr');
INSERT INTO locataire (nom_locataire, prenom_locataire,adresse_locataire,num_tel,email) VALUES ('La','Surface','10 Rue Locataire 10101 LOC','0123456789','locataire10@locataire.fr');

INSERT INTO locataire (nom_locataire, prenom_locataire,adresse_locataire,num_tel,email) VALUES ('Les','Prestations','11 Rue Locataire 10101 LOC','0123456789','locataire11@locataire.fr');
INSERT INTO locataire (nom_locataire, prenom_locataire,adresse_locataire,num_tel,email) VALUES ('Ou','Bien','12 Rue Locataire 10101 LOC','0123456789','locataire12@locataire.fr');
INSERT INTO locataire (nom_locataire, prenom_locataire,adresse_locataire,num_tel,email) VALUES ('Les','Suggestions','13 Rue Locataire 10101 LOC','0123456789','locataire13@locataire.fr');
INSERT INTO locataire (nom_locataire, prenom_locataire,adresse_locataire,num_tel,email) VALUES ('Et','Encore','14 Rue Locataire 10101 LOC','0123456789','locataire14@locataire.fr');
INSERT INTO locataire (nom_locataire, prenom_locataire,adresse_locataire,num_tel,email) VALUES ('La','Duree','15 Rue Locataire 10101 LOC','0123456789','locataire15@locataire.fr');
INSERT INTO locataire (nom_locataire, prenom_locataire,adresse_locataire,num_tel,email) VALUES ('Dupond','Fondu','16 Rue Locataire 10101 LOC','0123456789','locataire16@locataire.fr');
INSERT INTO locataire (nom_locataire, prenom_locataire,adresse_locataire,num_tel,email) VALUES ('Barbecue','Est','17 Rue Locataire 10101 LOC','0123456789','locataire17@locataire.fr');
INSERT INTO locataire (nom_locataire, prenom_locataire,adresse_locataire,num_tel,email) VALUES ('Tellement','Biengrille','18 Rue Locataire 10101 LOC','0123456789','locataire18@locataire.fr');
INSERT INTO locataire (nom_locataire, prenom_locataire,adresse_locataire,num_tel,email) VALUES ('Queje','Salive','19 Rue Locataire 10101 LOC','0123456789','locataire19@locataire.fr');
INSERT INTO locataire (nom_locataire, prenom_locataire,adresse_locataire,num_tel,email) VALUES ('Meilleur','Restochef','20 Rue Locataire 10101 LOC','0123456789','locataire20@locataire.fr');

INSERT INTO locataire (nom_locataire, prenom_locataire,adresse_locataire,num_tel,email) VALUES ('JaiUneReduc','DeTroisMois','21 Rue Locataire 10101 LOC','0123456789','locataire21@locataire.fr');

INSERT INTO propose_prestation VALUES (12,1);
INSERT INTO propose_prestation VALUES (13,2);
INSERT INTO propose_prestation VALUES (14,3);

INSERT INTO propose_prestation VALUES (17,5);
INSERT INTO propose_prestation VALUES (18,6);
INSERT INTO propose_prestation VALUES (19,7);
INSERT INTO propose_prestation VALUES (20,8);

INSERT INTO propose_prestation VALUES (20,10);
INSERT INTO propose_prestation VALUES (20,11);
INSERT INTO propose_prestation VALUES (20,12);


INSERT INTO propose_logement VALUES (1,1);
INSERT INTO propose_logement VALUES (1,2);
INSERT INTO propose_logement VALUES (1,3);
INSERT INTO propose_logement VALUES (1,4);
INSERT INTO propose_logement VALUES (1,5);
INSERT INTO propose_logement VALUES (1,6);
INSERT INTO propose_logement VALUES (1,7);

INSERT INTO propose_logement VALUES (2,8);
INSERT INTO propose_logement VALUES (2,9);
INSERT INTO propose_logement VALUES (2,10);
INSERT INTO propose_logement VALUES (2,11);

INSERT INTO propose_logement VALUES (3,12);
INSERT INTO propose_logement VALUES (3,13);
INSERT INTO propose_logement VALUES (3,14);

INSERT INTO propose_logement VALUES (4,15);
INSERT INTO propose_logement VALUES (4,16);
INSERT INTO propose_logement VALUES (4,17);
INSERT INTO propose_logement VALUES (4,18);
INSERT INTO propose_logement VALUES (4,19);
INSERT INTO propose_logement VALUES (4,20);

INSERT INTO propose_logement VALUES (5,21);
INSERT INTO propose_logement VALUES (5,22);
INSERT INTO propose_logement VALUES (5,23);

INSERT INTO propose_logement VALUES (6,24);
INSERT INTO propose_logement VALUES (6,25);
INSERT INTO propose_logement VALUES (6,26);
INSERT INTO propose_logement VALUES (6,27);
INSERT INTO propose_logement VALUES (6,28);
INSERT INTO propose_logement VALUES (6,29);

INSERT INTO propose_logement VALUES (7,30);
INSERT INTO propose_logement VALUES (7,31);
INSERT INTO propose_logement VALUES (7,32);
INSERT INTO propose_logement VALUES (7,33);
INSERT INTO propose_logement VALUES (7,34);
INSERT INTO propose_logement VALUES (7,35);

INSERT INTO location (date_debut_location, date_fin_location,montant_total,date_reservation_location)  VALUES ('2015/04/01','2015/04/15',1681,'2014/01/28');
INSERT INTO location (date_debut_location, date_fin_location,montant_total,date_reservation_location)  VALUES ('2015/04/03','2015/04/12',1890,'2014/03/21');
INSERT INTO location (date_debut_location, date_fin_location,montant_total,date_reservation_location)  VALUES ('2015/04/05','2015/04/09',280,'2013/05/14');
INSERT INTO location (date_debut_location, date_fin_location,montant_total,date_reservation_location)  VALUES ('2015/03/25','2015/03/31',480,'2013/05/21');
INSERT INTO location (date_debut_location, date_fin_location,montant_total,date_reservation_location)  VALUES ('2014/01/01','2014/01/10',810,'2013/12/20');
INSERT INTO location (date_debut_location, date_fin_location,montant_total,date_reservation_location)  VALUES ('2014/07/15','2014/07/29',1540,'2013/05/28');
INSERT INTO location (date_debut_location, date_fin_location,montant_total,date_reservation_location)  VALUES ('2014/07/05','2014/07/11',900,'2013/06/07');
INSERT INTO location (date_debut_location, date_fin_location,montant_total,date_reservation_location)  VALUES ('2014/11/05','2014/11/08',270,'2013/06/14');
INSERT INTO location (date_debut_location, date_fin_location,montant_total,date_reservation_location)  VALUES ('2014/04/23','2014/04/27',432,'2014/03/21');
INSERT INTO location (date_debut_location, date_fin_location,montant_total,date_reservation_location)  VALUES ('2014/03/05','2014/03/10',900,'2014/01/01');

INSERT INTO location (date_debut_location, date_fin_location,montant_total,date_reservation_location)  VALUES ('2014/12/05','2014/12/25',1800,'2013/06/01');
INSERT INTO location (date_debut_location, date_fin_location,montant_total,date_reservation_location)  VALUES ('2014/07/01','2014/07/04',237,'2013/06/28');
INSERT INTO location (date_debut_location, date_fin_location,montant_total,date_reservation_location)  VALUES ('2014/06/28','2014/07/04',552,'2014/05/01');
INSERT INTO location (date_debut_location, date_fin_location,montant_total,date_reservation_location)  VALUES ('2014/03/04','2014/03/07',360,'2014/02/17');
INSERT INTO location (date_debut_location, date_fin_location,montant_total,date_reservation_location)  VALUES ('2014/03/09','2014/03/12',360,'2014/03/04');
INSERT INTO location (date_debut_location, date_fin_location,montant_total,date_reservation_location)  VALUES ('2014/04/12','2014/04/19',350,'2014/04/11');
INSERT INTO location (date_debut_location, date_fin_location,montant_total,date_reservation_location)  VALUES ('2015/06/18','2015/06/24',309,'2013/06/12');
INSERT INTO location (date_debut_location, date_fin_location,montant_total,date_reservation_location)  VALUES ('2015/11/05','2015/11/08',270,'2013/10/17');
INSERT INTO location (date_debut_location, date_fin_location,montant_total,date_reservation_location)  VALUES ('2014/10/05','2014/10/21',1280,'2013/07/01');
INSERT INTO location (date_debut_location, date_fin_location,montant_total,date_reservation_location)  VALUES ('2014/07/05','2014/07/31',728,CURRENT_DATE-3);

INSERT INTO location (date_debut_location, date_fin_location,montant_total,date_reservation_location)  VALUES ('2014/06/20','2014/06/25',800,'2013/06/15');

INSERT INTO location (date_debut_location, date_fin_location,montant_total,date_reservation_location)  VALUES (CURRENT_DATE-30,CURRENT_DATE-26,320,CURRENT_DATE-35);
INSERT INTO location (date_debut_location, date_fin_location,montant_total,date_reservation_location)  VALUES (CURRENT_DATE-25,CURRENT_DATE-21,320,CURRENT_DATE-34);
INSERT INTO location (date_debut_location, date_fin_location,montant_total,date_reservation_location)  VALUES (CURRENT_DATE-20,CURRENT_DATE-16,288,CURRENT_DATE-33);
INSERT INTO location (date_debut_location, date_fin_location,montant_total,date_reservation_location)  VALUES (CURRENT_DATE-15,CURRENT_DATE-11,288,CURRENT_DATE-32);


INSERT INTO loge VALUES (1,1);
INSERT INTO loge VALUES (2,2);
INSERT INTO loge VALUES (3,3);
INSERT INTO loge VALUES (4,4);
INSERT INTO loge VALUES (5,5);
INSERT INTO loge VALUES (6,6);
INSERT INTO loge VALUES (7,7);
INSERT INTO loge VALUES (8,8);
INSERT INTO loge VALUES (9,9);
INSERT INTO loge VALUES (10,10);

INSERT INTO loge VALUES (11,11);
INSERT INTO loge VALUES (12,12);
INSERT INTO loge VALUES (13,13);
INSERT INTO loge VALUES (14,14);
INSERT INTO loge VALUES (15,15);
INSERT INTO loge VALUES (16,16);
INSERT INTO loge VALUES (17,17);
INSERT INTO loge VALUES (18,18);
INSERT INTO loge VALUES (19,19);
INSERT INTO loge VALUES (20,20);

INSERT INTO loge VALUES (21,20);

INSERT INTO loge VALUES (22,21);
INSERT INTO loge VALUES (23,21);
INSERT INTO loge VALUES (24,21);
INSERT INTO loge VALUES (25,21);

INSERT INTO concerne VALUES (1,1);
INSERT INTO concerne VALUES (2,2);
INSERT INTO concerne VALUES (3,3);
INSERT INTO concerne VALUES (4,4);
INSERT INTO concerne VALUES (5,5);
INSERT INTO concerne VALUES (7,6);
INSERT INTO concerne VALUES (9,7);
INSERT INTO concerne VALUES (10,8);
INSERT INTO concerne VALUES (12,9);
INSERT INTO concerne VALUES (15,10);

INSERT INTO concerne VALUES (16,11);
INSERT INTO concerne VALUES (19,12);
INSERT INTO concerne VALUES (20,13);
INSERT INTO concerne VALUES (23,14);
INSERT INTO concerne VALUES (26,15);
INSERT INTO concerne VALUES (27,16);
INSERT INTO concerne VALUES (29,17);
INSERT INTO concerne VALUES (31,18);
INSERT INTO concerne VALUES (32,19);
INSERT INTO concerne VALUES (35,20);

INSERT INTO concerne VALUES (8,21);

INSERT INTO concerne VALUES (11,22);
INSERT INTO concerne VALUES (11,23);
INSERT INTO concerne VALUES (11,24);
INSERT INTO concerne VALUES (11,25);

INSERT INTO propose_suggestion VALUES (1,1);
INSERT INTO propose_suggestion VALUES (2,2);
INSERT INTO propose_suggestion VALUES (3,3);
INSERT INTO propose_suggestion VALUES (4,4);
INSERT INTO propose_suggestion VALUES (5,5);
INSERT INTO propose_suggestion VALUES (6,6);
INSERT INTO propose_suggestion VALUES (7,7);
INSERT INTO propose_suggestion VALUES (8,8);
INSERT INTO propose_suggestion VALUES (9,9);
INSERT INTO propose_suggestion VALUES (10,10);

INSERT INTO propose_suggestion VALUES (1,11);
INSERT INTO propose_suggestion VALUES (2,12);
INSERT INTO propose_suggestion VALUES (3,13);
INSERT INTO propose_suggestion VALUES (4,14);
INSERT INTO propose_suggestion VALUES (5,15);
INSERT INTO propose_suggestion VALUES (6,16);
INSERT INTO propose_suggestion VALUES (7,17);
INSERT INTO propose_suggestion VALUES (8,18);
INSERT INTO propose_suggestion VALUES (9,19);
INSERT INTO propose_suggestion VALUES (10,20);

INSERT INTO propose_transport VALUES (1,1);
INSERT INTO propose_transport VALUES (2,1);
INSERT INTO propose_transport VALUES (7,1);
INSERT INTO propose_transport VALUES (8,2);
INSERT INTO propose_transport VALUES (9,3);
INSERT INTO propose_transport VALUES (12,4);
INSERT INTO propose_transport VALUES (21,6);
INSERT INTO propose_transport VALUES (26,7);
INSERT INTO propose_transport VALUES (30,8);
INSERT INTO propose_transport VALUES (35,8);

INSERT INTO propose_transport VALUES (17,5);
INSERT INTO propose_transport VALUES (18,5);
INSERT INTO propose_transport VALUES (19,5);
INSERT INTO propose_transport VALUES (20,5);

INSERT INTO avec_transport VALUES (17,5,'2015/06/18 13:00:00');
INSERT INTO avec_transport VALUES (1,1,'2015/04/15 10:00:00');

INSERT INTO avec_prestation VALUES (9,1);
INSERT INTO avec_prestation VALUES (12,7);
INSERT INTO avec_prestation VALUES (13,8);

INSERT INTO avec_prestation VALUES (21,10);
INSERT INTO avec_prestation VALUES (21,11);
INSERT INTO avec_prestation VALUES (21,12);
